Transaction_ID,Payment_Type,ISBN,Stock,Price_Book,Date,Customer_ID,ISBN,Price
6784658794,Cash,735713170,38,29.99,9/22/2022,4002037,321125169,38.49
6299010020,Cash,61020648,26,7.99,2/26/2022,4002037,805317554,95
9415375351,Cash,787960756,392,-13.2,10/29/2022,4002037,1861004486,41.99
9704394688,Cash,471363049,151,139.2,8/22/2022,4002037,972263608,99
9770912659,Cash,671004107,174,7.99,10/25/2022,4002037,201615762,38.49
1548309009,Cash,385494327,236,14,7/10/2022,4002037,782140114,69.99
9058195748,Cash,671004107,71,-7.99,7/8/2022,4002037,72227885,34.99
9098697601,Cash,743206061,58,26,6/24/2022,4002037,471200247,50
9020727968,Cash,375508325,420,35,5/17/2022,4002037,72227710,17.49
3645173903,Cash,316602051,34,27.95,8/10/2022,4002037,1558605525,49.95
2593859372,Cash,312287941,332,25.95,4/17/2022,4002037,735712123,34.99
1947596076,Cash,972263608,153,99,10/29/2022,4002037,425188361,16.07
8359627521,Cash,1558605525,180,-49.95,5/20/2022,4002037,142001740,14
2596670854,Cash,60855925,169,13.99,3/19/2022,4002037,596004478,24.95
1928960048,Cash,60958405,209,15,10/19/2022,4002037,71414339,18.95
8160772801,Cash,393319407,346,-16.95,8/11/2022,4002037,312311354,13
1330852781,Cash,743206061,232,26,1/20/2022,4002037,312287941,25.95
8816945489,Cash,156158648X,169,24.95,1/9/2022,4002037,312243022,3.44
1633859227,Cash,425188361,229,16.07,9/27/2022,4002037,609610570,27.5
2382358611,Cash,345376595,393,12.95,6/17/2022,4002037,316602051,27.95
6595526690,Cash,743244249,342,25,7/21/2022,4002037,743222008,25
1792471664,Card,316096199,72,-11.95,5/13/2022,4002037,66214750,25.95
6898620970,Card,684848155,139,16,2/7/2022,4002037,787960756,13.2
6865644106,Card,471391123,373,50,8/19/2022,4002037,743206061,26
5229163107,Card,324107501,174,112.95,10/3/2022,4002037,1590520734,12.99
4290986755,Card,471358983,457,40,9/8/2022,4002037,60934417,13.95
7801968323,Card,130998516,341,83,5/14/2022,4002037,440237556,6.99
9713173709,Card,684843285,274,22,7/7/2022,4002037,373272839,4.75
6955678005,Card,324107501,394,-112.95,11/26/2022,4002037,670031518,27.95
3671947813,Card,60958405,209,15,2/12/2022,4002037,738206679,26
9456506474,Card,1558605525,307,49.95,6/10/2022,4002037,067976867X,15
3639175426,Card,399149392,155,25.95,6/15/2022,4002037,679450785,22
7179627398,Card,596004478,226,-24.95,1/20/2022,4002037,1579550088,44.95
8907205582,Card,61161721,314,7.99,4/1/2022,4002037,684843285,22
5795839261,Card,735713170,170,29.99,9/5/2022,4002037,471358983,40
8654032388,Card,61020656,21,7.99,8/26/2022,4002037,394739698,24.95
9360739203,Card,316602051,261,27.95,5/16/2022,4002037,1586851322,39.95
2078389410,Card,393318486,183,17.95,6/25/2022,4002037,1586851357,60
4633738231,Card,743457358,479,7.99,3/23/2022,4002037,156158648X,24.95
8478982844,Card,743222008,419,25,9/17/2022,4002037,865659982,50
3800229519,Card,61161721,480,7.99,6/19/2022,4002037,517576600,50
1556406214,Card,1579902944,208,19.95,8/28/2022,4002037,262024829,70
9639719642,Card,345376595,26,12.95,3/31/2022,4002037,72294337,122.5
6555483625,Card,1558606432,447,34.95,7/23/2022,4002037,72315318,79.2
1722256642,Card,743457358,55,7.99,7/10/2022,4002037,324107501,112.95
9745505266,Card,321125169,103,38.49,9/13/2022,4002037,471363049,139.2
6847169930,Card,743457358,434,7.99,8/29/2022,4002037,130323519,126.67
9156446501,Card,262024829,117,70,7/24/2022,4002037,446527793,24.95
2857663891,Card,72222743,490,59.99,6/7/2022,4002037,743206061,26
8677545180,Card,787960756,382,13.2,6/11/2022,4002037,743244249,25
4383497955,Card,312287941,35,25.95,2/5/2022,4002037,743467523,7.99
6424888389,Card,399149848,351,25.95,9/17/2022,4002037,375703764,19.95
7255856777,Card,471288217,321,39.95,3/28/2022,4002037,345452089,6.99
7976064883,Card,60958332,272,10.5,1/25/2022,4002037,385504470,17.47
4188744001,Card,684848155,307,16,4/28/2022,4002037,312276702,24.95
9174295253,Card,156158648X,78,24.95,11/6/2022,4002037,743457358,7.99
6146315379,Card,316602051,232,27.95,5/30/2022,4002037,1880418568,35
6785594824,Card,375703764,371,19.95,11/7/2022,4002037,743455967,7.99
3928033759,Card,067976867X,408,15,5/22/2022,4002037,140077022,14
2998452264,Card,140077022,249,14,7/5/2022,4002037,679722955,11.2
9853418006,Card,60540753,199,13.95,6/3/2022,4002037,684848155,16
8501693461,Card,787960756,326,13.2,5/25/2022,4002037,471286168,39.95
6004579544,Card,393318486,392,17.95,5/17/2022,4002037,471288217,39.95
2330742396,Card,345409469,150,14.95,4/7/2022,4002037,156006219,13
1745671106,Card,142001740,228,14,6/26/2022,4002037,60540753,13.95
5681023357,Card,61020656,370,7.99,7/13/2022,4002037,393318486,17.95
9018550499,Card,1558605525,287,49.95,7/15/2022,4002037,60958332,10.5
9989009272,Card,156006219,398,13,1/12/2022,4002037,60958405,15
8228221009,Card,262521415,35,35,11/23/2022,4002037,393319407,16.95
2245677260,Card,1590520734,119,12.99,9/8/2022,4002037,067463442X,18.95
2013746738,Card,60958332,191,10.5,3/20/2022,4002037,446608955,6.99
2401101358,Card,446606812,260,7.5,5/11/2022,4002037,446676098,12.95
3460551868,Card,399149392,83,25.95,3/25/2022,4002037,446606812,7.5
7501224162,Card,743467523,64,7.99,9/3/2022,4002037,262521415,35
7806617319,Card,471391123,411,50,11/21/2022,4002037,262232197,74.95
5169842770,Gift Card,375508325,441,35,10/29/2022,4002037,324113641,107.95
6717588146,Gift Card,684843285,438,22,11/18/2022,4002037,471391123,50
4420130245,Gift Card,425188361,387,16.07,8/15/2022,4002037,130998516,83
1478987715,Gift Card,446606812,384,7.5,8/30/2022,4002037,1565924916,39.95
2943625557,Gift Card,671004107,326,7.99,4/11/2022,4002037,735712360,39.99
6689577268,Gift Card,440237556,467,6.99,8/29/2022,4002037,735712379,39.99
4746937551,Gift Card,471363049,158,139.2,4/18/2022,4002037,735713170,29.99
9219123109,Gift Card,60540753,262,13.95,2/14/2022,4002037,1558606432,34.95
4318339490,Gift Card,1558605525,366,49.95,3/11/2022,4002037,72222743,59.99
7257092247,Gift Card,375703764,165,19.95,9/2/2022,4002037,345409469,14.95
2088661015,Gift Card,743206061,143,26,9/4/2022,4002037,375508325,35
3419819821,Gift Card,385494246,371,12,8/19/2022,4002037,345336895,6.99
6694112875,Gift Card,394739698,57,24.95,5/14/2022,4002037,671004107,7.99
6228170189,Gift Card,61020656,435,7.99,8/9/2022,4002037,345376595,12.95
5586077542,Gift Card,596004478,470,24.95,1/21/2022,4002037,316666343,21.95
5240342553,Gift Card,609610570,279,27.5,2/11/2022,4002037,316096199,11.95
6197422456,Card,345376595,353,12.95,11/26/2022,4002037,038572179X,14
7011702602,Card,1561586196,138,19.95,11/22/2022,4002037,385494246,12
7854339223,Card,1579550088,92,44.95,4/19/2022,4002037,385494327,14
5876857562,Card,743455967,38,7.99,1/12/2022,4002037,385494149,13
1688740011,Card,471358983,231,40,7/9/2022,4002037,399149848,25.95
6375996087,Card,782140114,166,69.99,8/4/2022,4002037,373218192,7.5
5856910351,Card,684843285,276,22,1/13/2022,4002037,373218257,14.95
9044774714,Card,262232197,499,74.95,2/28/2022,4002037,399149392,25.95
2952432712,Card,471391123,87,50,8/23/2022,4002037,1561584029,39.95
9884854023,Card,60958405,96,15,2/21/2022,4002037,1579902944,19.95
9669102607,Card,1579550088,115,44.95,1/28/2022,4002037,1561586196,19.95
4661083087,Card,446608955,405,6.99,9/8/2022,4002037,61092177,7.99
3839279813,Card,735713170,398,29.99,2/6/2022,4002037,60502935,7.99
2115491021,Card,316666343,156,21.95,8/14/2022,4002037,61020656,7.99
7428497841,Card,345336895,491,6.99,3/4/2022,4002037,60855925,13.99
1335996244,Card,60502935,145,7.99,7/31/2022,4002037,61020648,7.99
8355895987,Card,60934417,292,13.95,8/26/2022,4002037,61161721,7.99
9994284249,Card,72227885,57,34.99,1/13/2022,4002037,,
2811462909,Card,156006219,39,13,5/27/2022,4002037,,
2290814444,Card,373218192,273,7.5,2/3/2022,4002037,,
1011554334,Card,375703764,30,19.95,7/8/2022,4002037,,
6757084697,Card,324113641,423,107.95,10/17/2022,4002037,,
5502935001,Card,72222743,200,59.99,2/4/2022,4002037,,
8484767513,Card,312243022,163,3.44,5/19/2022,4002037,,
9365734877,Card,679722955,285,11.2,1/16/2022,4002037,,
6359167932,Card,596004478,376,24.95,6/14/2022,4002037,,
7387048133,Card,262232197,356,74.95,7/3/2022,4002037,,
5171120298,Card,60502935,341,7.99,7/18/2022,4002037,,
3539554521,Card,743457358,402,7.99,4/14/2022,4002037,,
3397084720,Card,743467523,404,7.99,8/22/2022,4002037,,
9645408178,Card,735712379,292,39.99,11/5/2022,4002037,,
3666204050,Card,373218257,76,14.95,2/1/2022,4002037,,
4604938206,Card,743222008,340,25,9/17/2022,4002037,,
2275090676,Card,345452089,168,6.99,7/29/2022,4002037,,
3974593820,Card,446527793,70,24.95,11/26/2022,4002037,,
8556491101,Card,1558605525,179,49.95,10/7/2022,4002037,,
6599666632,Card,156006219,228,13,7/17/2022,4002037,,
5019760402,Card,471288217,491,39.95,1/4/2022,4002037,,
9228031841,Card,321125169,273,38.49,4/1/2022,4002037,,
1624062956,Card,679450785,171,22,4/20/2022,4002037,,
1658458910,Card,471286168,346,39.95,5/26/2022,4002037,,
5066121165,Card,679450785,331,22,8/22/2022,4002037,,
6095541677,Card,130323519,345,126.67,8/29/2022,4002037,,
2611521974,Card,743457358,11,7.99,9/14/2022,4002037,,
9350446840,Card,312287941,388,25.95,1/2/2022,4002037,,
8139249739,Card,60855925,386,13.99,11/15/2022,4002037,,
3829027317,Card,1558606432,140,34.95,4/16/2022,4002037,,
5089735247,Card,609610570,255,27.5,8/28/2022,4002037,,
8240477460,Card,394739698,453,24.95,6/12/2022,4002037,,
2864915892,Card,471288217,416,39.95,10/16/2022,4002037,,
3728183030,Card,743467523,10,7.99,5/30/2022,4002037,,
5939449121,Card,316602051,372,27.95,8/23/2022,4002037,,
9409779955,Card,596004478,66,24.95,7/31/2022,4002037,,
2127898218,Card,1586851357,163,60,6/20/2022,4002037,,
4187266019,Card,425188361,202,16.07,8/31/2022,4002037,,
7991063946,Card,684848155,445,16,7/13/2022,4002037,,
2456627221,Card,735712123,397,34.99,2/15/2022,4002037,,
2643292099,Card,782140114,104,69.99,9/13/2022,4002037,,
8250603049,Card,787960756,259,13.2,5/23/2022,4002037,,
8292768332,Card,1561584029,422,39.95,4/16/2022,4002037,,
3726541274,Card,743222008,354,25,2/1/2022,4002037,,
1879941753,Card,130323519,305,126.67,9/1/2022,4002037,,
3665929967,Card,679450785,328,22,3/11/2022,4002037,,
4974852655,Card,375703764,264,19.95,11/17/2022,4002037,,
1576600201,Card,679722955,377,11.2,9/22/2022,4002037,,
9522288192,Card,609610570,250,27.5,4/27/2022,4002037,,
1614232169,Card,038572179X,79,14,10/3/2022,4002037,,
7632500915,Card,72227885,479,34.99,5/5/2022,4002037,,
1067513847,Card,60958405,196,15,3/5/2022,4002037,,
2339341830,Card,130323519,468,126.67,11/16/2022,4002037,,
4263269815,Card,385494149,287,13,1/31/2022,4002037,,
4496884665,Card,142001740,117,14,10/20/2022,4002037,,
4752790524,Card,679450785,55,22,7/5/2022,4002037,,
5972536332,Card,201615762,426,38.49,10/3/2022,4002037,,
5823904778,Card,324113641,431,107.95,6/1/2022,4002037,,
2362207186,Card,262232197,227,74.95,7/8/2022,4002037,,
8082092082,Card,142001740,418,14,9/14/2022,4002037,,
7404578991,Card,72222743,145,59.99,1/19/2022,4002037,,
6333444491,Card,471286168,21,39.95,4/14/2022,4002037,,
1097354283,Card,805317554,406,95,3/25/2022,4002037,,
2882957424,Card,385494327,226,14,7/24/2022,4002037,,
2528338031,Card,385494246,457,12,3/19/2022,4002037,,
7833362317,Card,375703764,374,19.95,8/12/2022,4002037,,
6038895518,Card,262232197,80,74.95,9/28/2022,4002037,,
1529184666,Card,446606812,471,7.5,8/12/2022,4002037,,
3335350457,Card,399149392,196,25.95,9/21/2022,4002037,,
2242267296,Card,735712379,353,39.99,9/6/2022,4002037,,
8620443045,Card,743457358,445,7.99,2/17/2022,4002037,,
4965564126,Card,72315318,204,79.2,9/9/2022,4002037,,
7656821858,Card,446676098,252,12.95,3/26/2022,4002037,,
4532064862,Card,324113641,450,107.95,6/17/2022,4002037,,
5034615775,Card,067976867X,284,15,4/7/2022,4002037,,
3465194351,Card,471391123,498,50,4/10/2022,4002037,,
4589379517,Card,1590520734,119,12.99,9/5/2022,4002037,,
8801914199,Card,684843285,214,22,6/21/2022,4002037,,
6586420732,Card,609610570,314,27.5,6/17/2022,4002037,,
6081471745,Card,316666343,441,21.95,8/11/2022,4002037,,
2721902933,Card,72222743,242,59.99,4/14/2022,4002037,,
8755414953,Card,130323519,287,126.67,11/7/2022,4002037,,
9233311330,Card,038572179X,13,14,11/24/2022,4002037,,
7208868803,Card,787960756,392,13.2,11/24/2022,4002037,,
8321247340,Card,609610570,107,27.5,6/18/2022,4002037,,
8363024253,Card,743455967,278,7.99,1/4/2022,4002037,,
5839661721,Card,735712123,374,34.99,5/19/2022,4002037,,
5093081134,Card,609610570,53,27.5,7/26/2022,4002037,,
9076804753,Card,156006219,442,13,4/30/2022,4002037,,
4210132920,Card,1579550088,497,44.95,6/16/2022,4002037,,
5742932754,Card,72227885,87,34.99,7/25/2022,4002037,,
8321378250,Card,393318486,396,17.95,9/14/2022,4002037,,
9055056670,Card,1579902944,122,19.95,4/20/2022,4002037,,
2373278712,Card,60855925,328,13.99,10/4/2022,4002037,,
3216706080,Card,425188361,232,16.07,3/31/2022,4002037,,
1186453799,Card,446527793,63,24.95,9/28/2022,4002037,,
4147456323,Card,72227885,59,34.99,1/10/2022,4002037,,
4390798224,Card,61161721,473,7.99,7/1/2022,4002037,,
1853869961,Card,865659982,108,50,5/3/2022,4002037,,
9931606632,Card,743206061,132,26,11/10/2022,4002037,,
9658195745,Card,316096199,114,11.95,1/23/2022,4002037,,
8239160603,Card,61092177,24,7.99,10/17/2022,4002037,,
9896962919,Card,743244249,474,25,2/18/2022,4002037,,
4404161936,Card,471391123,165,50,10/25/2022,4002037,,
6332179479,Card,345409469,117,14.95,11/23/2022,4002037,,
5590730159,Card,1880418568,413,35,10/23/2022,4002037,,
7161049678,Card,782140114,85,69.99,2/23/2022,4002037,,
9121153168,Card,324107501,192,112.95,7/27/2022,4002037,,
9210782927,Card,679450785,136,22,5/23/2022,4002037,,
2451492045,Card,345452089,382,6.99,8/21/2022,4002037,,
8603785680,Card,385504470,135,17.47,1/26/2022,4002037,,
4761356785,Card,399149392,275,25.95,11/20/2022,4002037,,
9981723576,Card,60502935,77,7.99,2/16/2022,4002037,,
8298287679,Card,743457358,36,7.99,10/5/2022,4002037,,
3766522158,Card,375508325,236,35,10/9/2022,4002037,,
5896941250,Card,865659982,310,50,11/5/2022,4002037,,
9103401082,Card,156006219,344,13,5/22/2022,4002037,,
1240408742,Card,743244249,412,25,7/26/2022,4002037,,
8923590948,Card,865659982,228,50,1/21/2022,4002037,,
2980976818,Card,684848155,295,16,9/28/2022,4002037,,
3241457724,Card,865659982,126,50,10/21/2022,4002037,,
7754184557,Card,140077022,305,14,4/17/2022,4002037,,
7242545319,Card,1880418568,414,35,7/13/2022,4002037,,
3023822179,Card,393319407,453,16.95,9/29/2022,4002037,,
3619706885,Card,399149392,224,25.95,11/4/2022,4002037,,
2497195222,Card,670031518,380,27.95,8/20/2022,4002037,,
8861311412,Card,1558606432,324,34.95,3/24/2022,4002037,,
3509880630,Card,471363049,324,139.2,10/31/2022,4002037,,
3261511023,Card,385504470,154,17.47,3/9/2022,4002037,,
1201383513,Card,60540753,230,13.95,7/20/2022,4002037,,
4810984753,Card,71414339,195,18.95,5/18/2022,4002037,,
3216328317,Card,262232197,110,74.95,4/8/2022,4002037,,
4549348552,Card,1558606432,350,34.95,11/20/2022,4002037,,
3704593890,Card,142001740,109,14,3/2/2022,4002037,,
9413496385,Card,1586851322,179,39.95,9/18/2022,4002037,,
4862672841,Card,471391123,221,50,4/26/2022,4002037,,
8108024893,Card,262232197,466,74.95,7/16/2022,4002037,,
2638678443,Card,393319407,43,16.95,9/16/2022,4002037,,
8872557500,Card,385504470,301,17.47,10/7/2022,4002037,,
9699577726,Card,1880418568,176,35,5/22/2022,4002037,,
5251708446,Card,679722955,372,11.2,8/28/2022,4002037,,
6045474791,Card,1579902944,16,19.95,1/16/2022,4002037,,
1433682010,Card,72294337,381,122.5,5/13/2022,4002037,,
2856509335,Card,782140114,366,69.99,8/31/2022,4002037,,
6179916705,Card,743206061,420,26,10/17/2022,4002037,,
7535368672,Card,735713170,344,29.99,8/12/2022,4002037,,
5160262085,Card,684848155,420,16,1/2/2022,4002037,,
1030996977,Card,743244249,409,25,7/30/2022,4002037,,
1524624423,Card,743206061,272,26,11/10/2022,4002037,,
5053649862,Card,067976867X,262,15,10/28/2022,4002037,,
4211713150,Card,735712360,84,39.99,10/5/2022,4002037,,
2772079842,Card,385494246,454,12,6/4/2022,4002037,,
4176537170,Card,679450785,408,22,9/20/2022,4002037,,
4392003394,Card,679450785,181,22,11/3/2022,4002037,,
4027929055,Card,1561586196,48,19.95,7/30/2022,4002037,,
3212847078,Card,66214750,444,25.95,2/6/2022,4002037,,
3074626079,Card,375508325,98,35,2/21/2022,4002037,,
8341194541,Card,321125169,152,38.49,6/10/2022,4002037,,
3543138529,Card,684843285,284,22,10/26/2022,4002037,,
1075780601,Card,262232197,56,74.95,1/9/2022,4002037,,
7784169644,Card,394739698,258,24.95,5/24/2022,4002037,,
7856808412,Card,399149848,387,25.95,4/15/2022,4002037,,
5437559878,Card,609610570,166,27.5,11/11/2022,4002037,,
5630392449,Card,446606812,453,7.5,9/4/2022,4002037,,
6376860609,Card,743206061,409,26,5/5/2022,4002037,,
6968702490,Card,446608955,401,6.99,5/18/2022,4002037,,
1540783924,Card,72227710,332,17.49,2/13/2022,4002037,,
6616444427,Card,743222008,67,25,11/26/2022,4002037,,
6683741208,Card,1558606432,141,34.95,1/13/2022,4002037,,
8160693005,Card,805317554,268,95,5/4/2022,4002037,,
8539425640,Card,61020656,475,7.99,6/24/2022,4002037,,
9320881093,Card,142001740,367,14,8/20/2022,4002037,,
7634348292,Card,60934417,228,13.95,7/15/2022,4002037,,
8693177745,Card,671004107,442,7.99,2/7/2022,4002037,,
5850649719,Card,61020656,437,7.99,10/4/2022,4002037,,
4288629113,Card,60502935,493,7.99,7/22/2022,4002037,,
7668085446,Card,61092177,431,7.99,3/8/2022,4002037,,
6047401982,Card,60855925,124,13.99,10/16/2022,4002037,,
1380554198,Card,1565924916,284,39.95,1/29/2022,4002037,,
2313736544,Card,471288217,350,39.95,1/22/2022,4002037,,
1524887474,Card,72315318,40,79.2,7/3/2022,4002037,,
4782760710,Card,130323519,162,126.67,5/10/2022,4002037,,
9739772385,Card,345376595,434,12.95,1/11/2022,4002037,,
8885037302,Card,61161721,484,7.99,8/2/2022,4002037,,
2895490889,Card,394739698,413,24.95,10/25/2022,4002037,,
6695326877,Card,1586851357,289,60,8/9/2022,4002037,,
3127932376,Card,156158648X,14,24.95,8/14/2022,4002037,,
8120327948,Card,375703764,434,19.95,8/4/2022,4002037,,
3343185669,Card,262232197,347,74.95,10/13/2022,4002037,,
7922347714,Card,596004478,222,24.95,11/14/2022,6123406,,
5181306670,Card,679722955,440,11.2,8/13/2022,6123406,,
9469148681,Card,201615762,16,38.49,4/2/2022,6123406,,
7615571406,Card,262232197,81,74.95,8/8/2022,6123406,,
4851646402,Card,787960756,198,13.2,3/26/2022,6123406,,
3734767979,Card,679450785,113,22,5/6/2022,6123406,,
2322834393,Card,684843285,30,22,1/28/2022,6123406,,
3986673761,Card,787960756,450,13.2,8/6/2022,6123406,,
6843918267,Card,517576600,77,50,9/1/2022,6123406,,
1282151501,Card,399149848,201,25.95,5/15/2022,6123406,,
4615898009,Card,1558606432,378,34.95,5/13/2022,6123406,,
1516553416,Card,312243022,336,3.44,11/26/2022,6123406,,
2728949098,Card,1590520734,147,12.99,5/30/2022,6123406,,
6720171960,Card,321125169,10,38.49,10/31/2022,6123406,,
4270381768,Card,735712123,325,34.99,5/14/2022,6123406,,
4287171696,Card,393318486,74,17.95,6/30/2022,6123406,,
8007033033,Card,324107501,375,112.95,9/2/2022,6123406,,
6885105634,Card,130998516,118,83,3/14/2022,6123406,,
4411963054,Card,324107501,34,112.95,8/22/2022,6123406,,
6803736107,Card,324107501,470,112.95,5/20/2022,6123406,,
7641031467,Card,71414339,472,18.95,2/20/2022,6123406,,
9893047506,Card,743206061,30,26,6/4/2022,6123406,,
2464926907,Card,316666343,440,21.95,7/25/2022,6123406,,
4579175902,Card,471286168,133,39.95,1/4/2022,6123406,,
5939462916,Card,72227710,396,17.49,11/27/2022,6123406,,
3408721920,Card,262024829,104,70,10/25/2022,6123406,,
9550316877,Card,72294337,115,122.5,6/24/2022,6123406,,
5410132178,Card,1579550088,134,44.95,1/5/2022,6123406,,
2629489346,Card,471358983,199,40,8/14/2022,6123406,,
4382926906,Card,373218257,23,14.95,10/5/2022,6123406,,
5248357695,Card,471288217,103,39.95,4/4/2022,6123406,,
4080504375,Card,72227885,173,34.99,1/22/2022,6123406,,
6566778653,Card,1558606432,350,34.95,1/25/2022,6123406,,
8812577816,Card,316666343,167,21.95,7/17/2022,6123406,,
2947006345,Card,805317554,182,95,3/6/2022,6123406,,
1723707358,Card,71414339,147,18.95,6/1/2022,6123406,,
2377633179,Card,312287941,403,25.95,5/19/2022,6123406,,
7966418271,Card,1558605525,233,49.95,8/10/2022,6123406,,
6447037097,Card,375508325,450,35,4/19/2022,6123406,,
2526043133,Card,067463442X,342,18.95,2/3/2022,6123406,,
4939372993,Card,471286168,173,39.95,5/20/2022,6123406,,
5582882621,Card,373218192,141,7.5,6/27/2022,6123406,,
5545114025,Card,72222743,276,59.99,3/6/2022,6123406,,
8931407906,Card,067463442X,15,18.95,2/21/2022,6123406,,
4544907615,Card,782140114,108,69.99,1/21/2022,6123406,,
9991458526,Card,393319407,125,16.95,1/26/2022,6123406,,
9873196621,Card,670031518,242,27.95,5/30/2022,6123406,,
3050782701,Card,60502935,447,7.99,5/19/2022,6123406,,
7360276257,Card,393318486,68,17.95,4/24/2022,6123406,,
7305290303,Card,316602051,469,27.95,1/25/2022,6123406,,
6229668263,Card,321125169,453,38.49,1/13/2022,6123406,,
6630486217,Card,60958332,496,10.5,10/29/2022,6123406,,
8100228484,Card,743206061,83,26,1/1/2022,6123406,,
8110289056,Card,316602051,420,27.95,6/5/2022,6123406,,
9644274356,Card,735712360,107,39.99,3/25/2022,6123406,,
1359409116,Card,60958332,130,10.5,7/20/2022,6123406,,
1241741082,Card,393318486,284,17.95,7/10/2022,6123406,,
3335077348,Card,684843285,356,22,2/20/2022,6123406,,
2671322181,Card,471288217,481,39.95,6/16/2022,6123406,,
4300531845,Card,671004107,320,7.99,8/15/2022,6123406,,
6001046279,Card,671004107,360,7.99,10/21/2022,6123406,,
9994735567,Card,684848155,345,16,3/1/2022,6123406,,
2847346282,Card,471391123,349,50,8/1/2022,6123406,,
3357964014,Card,038572179X,62,14,2/20/2022,6123406,,
1207672112,Card,399149392,409,25.95,5/10/2022,6123406,,
1957589862,Card,262521415,463,35,5/27/2022,6123406,,
6532866155,Card,1579550088,183,44.95,3/1/2022,6123406,,
4252398626,Card,067463442X,413,18.95,4/14/2022,6123406,,
4396636212,Card,735712123,398,34.99,2/26/2022,6123406,,
7720852018,Card,743206061,371,26,3/13/2022,6123406,,
1445519293,Card,312311354,107,13,8/4/2022,6123406,,
2577978670,Card,596004478,306,24.95,3/28/2022,6123406,,
2591150621,Card,385504470,425,17.47,3/7/2022,6123406,,
9542260496,Card,60502935,385,7.99,9/6/2022,6123406,,
5190337501,Card,1561586196,428,19.95,10/12/2022,6123406,,
5720387984,Card,787960756,69,13.2,2/26/2022,6123406,,
2076165807,Card,735712360,232,39.99,6/19/2022,6123406,,
8524028587,Card,1561586196,146,19.95,1/16/2022,6123406,,
8672752765,Card,735713170,347,29.99,5/7/2022,6123406,,
1477945120,Card,679450785,403,22,4/3/2022,6123406,,
3527934265,Card,60502935,495,7.99,7/10/2022,6123406,,
6725365409,Card,312276702,413,24.95,11/6/2022,6123406,,
7892437988,Card,61020648,288,7.99,11/7/2022,6123406,,
3739941898,Card,61092177,238,7.99,6/8/2022,6123406,,
6705098420,Card,471200247,181,50,3/20/2022,6123406,,
7306557923,Card,71414339,264,18.95,3/10/2022,6123406,,
6941704294,Card,670031518,341,27.95,5/26/2022,6123406,,
4973462805,Card,345409469,436,14.95,1/11/2022,6123406,,
6184800149,Card,684848155,261,16,4/18/2022,6123406,,
9734524961,Card,61020656,173,7.99,8/24/2022,6123406,,
8825737181,Card,684843285,480,22,1/3/2022,6123406,,
2171290483,Card,1561586196,420,19.95,8/13/2022,6123406,,
2310568034,Card,316602051,56,27.95,2/20/2022,6123406,,
2137277701,Card,316096199,189,11.95,4/19/2022,6123406,,
6035239155,Card,399149392,190,25.95,8/15/2022,6123406,,
3849143363,Card,743222008,258,25,11/19/2022,6123406,,
7731189575,Card,316666343,40,21.95,11/24/2022,6123406,,
2852333830,Card,743206061,196,26,4/23/2022,6123406,,
6962772114,Card,1558605525,109,49.95,3/3/2022,6123406,,
2542676338,Card,61020656,393,7.99,2/2/2022,6123406,,
2411268039,Card,142001740,339,14,1/29/2022,6123406,,
5330195814,Card,345336895,291,6.99,2/11/2022,6123406,,
7519985368,Card,471288217,237,39.95,3/5/2022,6123406,,
8199986164,Card,596004478,65,24.95,11/23/2022,6123406,,
5459569095,Card,393318486,189,17.95,10/13/2022,6123406,,
3957860222,Card,679722955,323,11.2,11/3/2022,6123406,,
1697427986,Card,738206679,498,26,7/26/2022,6123406,,
9149193112,Card,312311354,214,13,2/10/2022,6123406,,
4679915811,Card,66214750,290,25.95,8/29/2022,6123406,,
8824823686,Card,66214750,193,25.95,9/25/2022,6123406,,
1594087219,Card,72315318,215,79.2,9/10/2022,6123406,,
6062863375,Card,201615762,200,38.49,9/8/2022,6123406,,
4566229840,Card,60934417,444,13.95,2/3/2022,6123406,,
6669269811,Card,201615762,254,38.49,5/21/2022,6123406,,
4142636352,Card,375508325,398,35,3/3/2022,6123406,,
9450857257,Card,735712360,289,39.99,6/15/2022,6123406,,
7127166292,Card,373218257,479,14.95,4/27/2022,6123406,,
8312347203,Card,312311354,247,13,5/31/2022,6123406,,
5481326216,Card,1579902944,298,19.95,1/31/2022,6123406,,
9728137641,Card,782140114,190,69.99,2/12/2022,6123406,,
7583728070,Card,609610570,81,27.5,8/16/2022,6123406,,
9547662271,Card,446676098,56,12.95,1/17/2022,6123406,,
2105029399,Card,743467523,492,7.99,8/1/2022,6123406,,
7378696483,Card,1586851357,197,60,3/23/2022,6123406,,
8201941380,Card,735712360,378,39.99,4/21/2022,6123406,,
2814974678,Card,782140114,163,69.99,8/3/2022,6123406,,
9705400245,Card,130998516,172,83,2/1/2022,6123406,,
9921058925,Card,345336895,71,6.99,9/21/2022,6123406,,
9252753383,Card,375703764,227,19.95,11/20/2022,6123406,,
6627266235,Card,671004107,412,7.99,8/15/2022,6123406,,
3058669582,Card,446676098,27,12.95,7/26/2022,6123406,,
9308441884,Card,312243022,73,3.44,3/7/2022,6123406,,
1682026737,Card,316666343,118,21.95,10/1/2022,6123406,,
1258313916,Card,1558605525,444,49.95,6/7/2022,6123406,,
6959295286,Card,684843285,252,22,7/7/2022,6123406,,
6574188806,Card,671004107,122,7.99,1/10/2022,6123406,,
2000485337,Card,72227710,418,17.49,2/12/2022,6123406,,
9469143422,Card,684848155,34,16,3/11/2022,6123406,,
9713124662,Card,517576600,322,50,7/12/2022,6123406,,
6415403852,Card,130323519,24,126.67,4/14/2022,6123406,,
8015842920,Card,1561586196,308,19.95,11/20/2022,6123406,,
4652436640,Card,471358983,172,40,5/8/2022,6123406,,
7337978901,Card,1558606432,496,34.95,10/11/2022,6123406,,
8937509105,Card,671004107,491,7.99,7/23/2022,6123406,,
3546583638,Card,312287941,318,25.95,4/11/2022,6123406,,
8352612410,Card,262024829,170,70,5/19/2022,6123406,,
4298092947,Card,156006219,285,13,3/6/2022,6123406,,
9405573179,Card,735712379,434,39.99,8/11/2022,6123406,,
7592214089,Card,321125169,67,38.49,10/22/2022,6123406,,
7502698194,Card,66214750,154,25.95,3/20/2022,6123406,,
9814544902,Card,345336895,147,6.99,1/24/2022,6123406,,
8609086019,Card,067976867X,455,15,4/12/2022,6123406,,
7568472975,Card,471363049,172,139.2,5/9/2022,6123406,,
1034604064,Card,60540753,311,13.95,3/24/2022,6123406,,
8157813607,Card,517576600,270,50,3/1/2022,6123406,,
1967540675,Card,440237556,413,6.99,9/11/2022,6123406,,
2255340643,Card,321125169,479,38.49,1/1/2022,6123406,,
3045634311,Card,312311354,133,13,5/28/2022,6123406,,
1150893615,Card,1590520734,310,12.99,1/15/2022,6123406,,
6602392683,Card,316096199,413,11.95,5/9/2022,6123406,,
4966559849,Card,067463442X,206,18.95,7/28/2022,6123406,,
9796405958,Card,1586851322,151,39.95,11/17/2022,6123406,,
3169763207,Card,324113641,129,107.95,7/17/2022,6123406,,
8786915296,Card,72222743,407,59.99,6/24/2022,6123406,,
6260370151,Card,782140114,376,69.99,1/15/2022,6123406,,
9588474310,Card,743467523,116,7.99,2/15/2022,6123406,,
7405754719,Card,471288217,87,39.95,6/19/2022,6123406,,
1448881378,Card,743222008,499,25,5/8/2022,6123406,,
5290453552,Card,345336895,412,6.99,10/8/2022,6123406,,
2079999423,Card,156158648X,291,24.95,7/14/2022,6123406,,
8160370231,Card,72227885,141,34.99,3/18/2022,6123406,,
8837253497,Card,316602051,257,27.95,1/17/2022,6123406,,
2378926916,Card,321125169,188,38.49,11/26/2022,6123406,,
6432145395,Card,324107501,489,112.95,1/2/2022,6123406,,
9797518669,Card,865659982,469,50,8/1/2022,6123406,,
2810417203,Card,1586851357,60,60,1/1/2022,6123406,,
1899001173,Card,787960756,296,13.2,2/17/2022,6123406,,
4057396700,Card,517576600,400,50,11/16/2022,6123406,,
8189796310,Card,345336895,365,6.99,9/19/2022,6123406,,
3676406542,Card,201615762,341,38.49,3/12/2022,6123406,,
5025684273,Card,60540753,80,13.95,6/16/2022,6123406,,
3618575584,Card,373218192,53,7.5,9/2/2022,6123406,,
9999252287,Card,316666343,297,21.95,5/15/2022,6123406,,
3595875592,Card,156006219,193,13,4/4/2022,6123406,,
4925080295,Card,61092177,267,7.99,5/7/2022,6123406,,
7834342160,Card,60540753,368,13.95,7/25/2022,6123406,,
5118346008,Card,312243022,53,3.44,5/11/2022,6123406,,
7939854119,Card,385494246,33,12,6/25/2022,6123406,,
3209411942,Card,782140114,46,69.99,3/14/2022,6123406,,
8740805992,Card,1586851322,53,39.95,8/22/2022,6123406,,
9940546859,Card,60958332,472,10.5,6/11/2022,6123406,,
5373612094,Card,375703764,416,19.95,3/26/2022,6123406,,
7239753031,Card,312287941,345,25.95,9/22/2022,6123406,,
2439347577,Card,373272839,70,4.75,4/5/2022,6123406,,
3692701510,Card,316096199,50,11.95,11/14/2022,6123406,,
4195069911,Card,316096199,354,11.95,10/21/2022,6123406,,
5022635427,Card,670031518,359,27.95,1/22/2022,6123406,,
3514453332,Card,61020656,454,7.99,10/29/2022,6123406,,
9094138975,Card,743467523,456,7.99,7/9/2022,6123406,,
6529481409,Card,972263608,399,99,1/24/2022,6123406,,
1256495801,Card,743206061,129,26,1/23/2022,6123406,,
1978073002,Card,446606812,281,7.5,10/20/2022,6123406,,
3838303726,Card,60502935,30,7.99,10/5/2022,6123406,,
5642976936,Card,60502935,55,7.99,6/11/2022,6123406,,
6063552547,Card,312311354,271,13,6/7/2022,6123406,,
7720371272,Card,446527793,30,24.95,10/9/2022,6123406,,
1419873480,Card,142001740,111,14,3/15/2022,6123406,,
4985043535,Card,130323519,418,126.67,2/17/2022,6123406,,
6080279332,Card,743457358,170,7.99,11/13/2022,6123406,,
6286512811,Card,1561584029,66,39.95,9/22/2022,6123406,,
5659574757,Card,72222743,393,59.99,6/4/2022,6123406,,
9648776638,Card,156158648X,247,24.95,2/5/2022,6123406,,
1718688516,Card,385494327,218,14,9/24/2022,6123406,,
5314796797,Card,684843285,87,22,6/25/2022,6123406,,
7992197197,Card,72227885,284,34.99,11/7/2022,6123406,,
8518304799,Card,738206679,233,26,1/15/2022,6123406,,
4966034573,Card,373218257,461,14.95,4/15/2022,6123406,,
2874373492,Card,471200247,336,50,2/3/2022,6123406,,
2491747183,Card,316666343,393,21.95,10/20/2022,6123406,,
8696640494,Card,61161721,89,7.99,2/14/2022,6123406,,
1535961985,Card,446527793,367,24.95,10/17/2022,6123406,,
3011418068,Card,471286168,499,39.95,5/8/2022,6123406,,
7435592705,Card,684843285,72,22,7/1/2022,6123406,,
9232990572,Card,805317554,132,95,3/30/2022,6123406,,
4950845499,Card,262232197,42,74.95,9/24/2022,6123406,,
7986794079,Card,067463442X,228,18.95,3/17/2022,6123406,,
1865705090,Card,142001740,224,14,7/28/2022,6123406,,
4976060903,Card,345452089,369,6.99,6/6/2022,6123406,,
5791966031,Card,972263608,127,99,11/4/2022,6123406,,
9876099848,Card,446527793,109,24.95,7/25/2022,6123406,,
1248807241,Card,743455967,158,7.99,6/20/2022,6123406,,
8758281721,Card,446608955,89,6.99,9/20/2022,6123406,,
6198254998,Card,425188361,479,16.07,1/20/2022,6123406,,
9029240690,Card,399149392,374,25.95,8/28/2022,6123406,,
3350270371,Card,1561584029,120,39.95,10/9/2022,6123406,,
8956376044,Card,1561586196,155,19.95,2/25/2022,6123406,,
3607039071,Card,1880418568,97,35,3/29/2022,6123406,,
1745102786,Card,1586851357,436,60,5/13/2022,6123406,,
4236883840,Card,684843285,335,22,1/25/2022,6123406,,
4100481993,Card,1565924916,73,39.95,6/8/2022,6123406,,
5181319577,Card,609610570,228,27.5,8/7/2022,6123406,,
2256731640,Card,71414339,338,18.95,9/15/2022,6123406,,
1027655971,Card,130323519,493,126.67,8/21/2022,6123406,,
9120864189,Card,156158648X,54,24.95,8/29/2022,6123406,,
1692680865,Card,471363049,312,139.2,8/23/2022,6123406,,
8587826962,Card,067976867X,76,15,8/22/2022,6123406,,
2880938471,Card,671004107,475,7.99,7/4/2022,6123406,,
2200140046,Card,782140114,322,69.99,10/6/2022,6123406,,
2995868215,Card,609610570,332,27.5,4/13/2022,6123406,,
8357628568,Card,1861004486,183,41.99,10/17/2022,6123406,,
7291717436,Card,316666343,401,21.95,4/22/2022,6123406,,
2203529365,Card,743467523,441,7.99,11/26/2022,6123406,,
7417218827,Card,72227710,67,17.49,7/27/2022,6123406,,
4232334568,Card,1861004486,299,41.99,10/1/2022,6123406,,
2657866083,Card,1861004486,319,41.99,8/4/2022,6123406,,
6239294492,Card,312243022,53,3.44,3/25/2022,6123406,,
3722926744,Card,72227885,377,34.99,3/16/2022,6123406,,
8078183914,Card,324113641,183,107.95,2/4/2022,6123406,,
3430971448,Card,61020648,218,7.99,11/3/2022,6123406,,
8943005603,Card,394739698,70,24.95,8/23/2022,6123406,,
4054850796,Card,130323519,38,126.67,1/26/2022,6123406,,
3776480486,Card,393318486,458,17.95,10/21/2022,6123406,,
4235737076,Card,1861004486,494,41.99,7/15/2022,6123406,,
9137212046,Card,425188361,181,16.07,4/1/2022,6123406,,
4712527085,Card,324113641,422,107.95,11/4/2022,6123406,,
5809298333,Card,345452089,414,6.99,8/9/2022,6123406,,
2424226603,Card,471358983,40,40,2/18/2022,6123406,,
7575677618,Card,345336895,186,6.99,2/10/2022,6123406,,
1139688662,Card,446527793,491,24.95,10/25/2022,6123406,,
7511844034,Card,262521415,352,35,5/9/2022,6123406,,
7544874078,Card,385494149,135,13,10/15/2022,6123406,,
6707491269,Card,324107501,58,112.95,8/19/2022,6123406,,
2569345692,Card,60540753,65,13.95,8/3/2022,6123406,,
3823382823,Card,1590520734,182,12.99,6/5/2022,6123406,,
9627479119,Card,375508325,60,35,6/18/2022,6123406,,
1517751820,Card,738206679,137,26,10/31/2022,6123406,,
1684578051,Card,743244249,34,25,3/30/2022,6123406,,
4985397881,Card,743244249,408,25,4/7/2022,6123406,,
1535302396,Card,865659982,187,50,7/21/2022,6123406,,
6661469608,Card,321125169,42,38.49,3/23/2022,6123406,,
9671201259,Card,385494327,342,14,6/18/2022,6123406,,
3347164096,Card,321125169,125,38.49,8/24/2022,6123406,,
5488893110,Card,312243022,272,3.44,9/11/2022,6123406,,
9066752743,Card,375703764,489,19.95,1/21/2022,6123406,,
4557835793,Card,385504470,351,17.47,5/1/2022,6123406,,
2307540390,Card,1561586196,342,19.95,8/16/2022,6123406,,
2665996944,Card,735713170,145,29.99,9/26/2022,6123406,,
2648352963,Card,61092177,146,7.99,3/3/2022,6123406,,
7587293701,Card,067976867X,193,15,3/21/2022,6123406,,
4098564408,Card,1880418568,135,35,4/7/2022,6123406,,
3665981462,Card,385504470,444,17.47,6/3/2022,6123406,,
9552996325,Card,517576600,434,50,1/4/2022,6123406,,
3476962887,Card,201615762,47,38.49,6/12/2022,6123406,,
5468215441,Card,735713170,34,29.99,3/11/2022,6123406,,
1948437424,Card,440237556,435,6.99,10/23/2022,6123406,,
7947238096,Card,345376595,114,12.95,5/18/2022,6123406,,
3684272903,Card,738206679,440,26,11/10/2022,6123406,,
9099117000,Card,038572179X,383,14,6/28/2022,6123406,,
8571194782,Card,471286168,126,39.95,5/31/2022,6123406,,
4502636583,Card,262521415,279,35,4/7/2022,6123406,,
2184335147,Card,1561586196,115,19.95,3/21/2022,6123406,,
2101195212,Card,735712379,381,39.99,10/21/2022,6123406,,
3709367214,Card,1586851322,105,39.95,10/28/2022,6123406,,
8551297451,Card,345336895,146,6.99,6/4/2022,6123406,,
6700588500,Card,60502935,35,7.99,4/18/2022,6123406,,
7421857797,Card,262232197,402,74.95,8/30/2022,6123406,,
5547045107,Card,72227710,91,17.49,10/14/2022,6123406,,
3372388204,Card,446527793,133,24.95,2/20/2022,6123406,,
3192921778,Card,393318486,141,17.95,10/7/2022,6123406,,
3471979907,Card,743457358,11,7.99,7/12/2022,6123406,,
1793500479,Card,609610570,293,27.5,9/3/2022,6123406,,
1200697020,Card,1561586196,412,19.95,4/25/2022,6123406,,
2829669320,Card,72222743,165,59.99,10/2/2022,6123406,,
4738318975,Card,312276702,107,24.95,4/2/2022,6123406,,
7022925355,Card,394739698,413,24.95,6/27/2022,6123406,,
5705744011,Card,393319407,444,16.95,11/12/2022,6123406,,
1019914393,Card,61092177,279,7.99,2/19/2022,6123406,,
5758700731,Card,394739698,249,24.95,9/28/2022,6123406,,
6529557831,Card,743244249,262,25,7/29/2022,6123406,,
1757722341,Card,345409469,266,14.95,1/8/2022,6123406,,
5342341498,Card,446608955,10,6.99,3/21/2022,6123406,,
5514347995,Card,1579902944,378,19.95,2/13/2022,6123406,,
2624234809,Card,446608955,219,6.99,9/15/2022,6123406,,
3458592843,Card,1579902944,208,19.95,3/28/2022,6123406,,
6097486415,Card,1558606432,171,34.95,11/21/2022,6123406,,
8936288478,Card,471286168,156,39.95,3/31/2022,6123406,,
8405567418,Card,262521415,242,35,6/22/2022,6123406,,
6368437285,Card,735712379,130,39.99,1/2/2022,6123406,,
5649202674,Card,1565924916,372,39.95,7/1/2022,6123406,,
9316918995,Card,316602051,42,27.95,5/1/2022,6123406,,
9531323262,Card,1861004486,106,41.99,1/4/2022,6123406,,
6594239790,Card,735712360,49,39.99,5/3/2022,6123406,,
9082364469,Card,399149392,59,25.95,7/3/2022,6123406,,
4617288631,Card,471391123,103,50,11/23/2022,6123406,,
4806835544,Card,72315318,198,79.2,8/16/2022,6123406,,
8201889517,Card,316666343,101,21.95,9/10/2022,6123406,,
9412435486,Card,743206061,322,26,3/25/2022,6123406,,
4246463531,Card,1561586196,74,19.95,9/23/2022,6123406,,
1244405973,Card,72294337,174,122.5,4/11/2022,6123406,,
9784109068,Card,71414339,363,18.95,6/25/2022,6123406,,
4917323865,Card,385504470,479,17.47,6/6/2022,6123406,,
6967467663,Card,038572179X,274,14,2/22/2022,6123406,,
4526884717,Card,743467523,324,7.99,2/27/2022,6123406,,
9476333794,Card,130998516,477,83,3/28/2022,6123406,,
3076037830,Card,1558605525,409,49.95,6/13/2022,6123406,,
6594632383,Card,71414339,339,18.95,8/7/2022,6123406,,
3882329443,Card,1558606432,356,34.95,6/23/2022,6123406,,
8858563654,Card,038572179X,388,14,4/1/2022,6123406,,
3665122808,Card,1880418568,236,35,10/26/2022,6123406,,
6286054663,Card,61020648,264,7.99,10/16/2022,6123406,,
6107574854,Card,312311354,110,13,10/31/2022,6123406,,
5245794947,Card,61020656,309,7.99,5/21/2022,6123406,,
2828572254,Card,316602051,102,27.95,6/15/2022,6123406,,
4448306728,Card,067463442X,480,18.95,7/8/2022,6123406,,
7300243217,Card,345336895,10,6.99,9/29/2022,6123406,,
7732882389,Card,471288217,265,39.95,7/13/2022,6123406,,
8071856975,Card,471288217,266,39.95,5/21/2022,6123406,,
1796213058,Card,61020648,219,7.99,7/16/2022,6123406,,
5879663134,Card,471286168,263,39.95,4/17/2022,6123406,,
1248270696,Card,471391123,47,50,9/13/2022,6123406,,
5725989099,Card,735712379,487,39.99,2/22/2022,6123406,,
3257463458,Card,72222743,201,59.99,5/2/2022,6123406,,
6557395963,Card,1586851322,167,39.95,7/9/2022,6123406,,
2992903168,Card,471358983,442,40,6/6/2022,6123406,,
6507974097,Card,61161721,321,7.99,3/4/2022,6123406,,
2265463909,Card,61092177,268,7.99,6/25/2022,6123406,,
5196021279,Card,1561584029,362,39.95,5/5/2022,6123406,,
9601887811,Card,609610570,331,27.5,11/22/2022,6123406,,
6323851582,Card,345376595,49,12.95,5/12/2022,6123406,,
1955318994,Card,670031518,245,27.95,9/22/2022,6123406,,
9016300390,Card,316666343,116,21.95,5/14/2022,6123406,,
3395105304,Card,72227885,14,34.99,4/1/2022,6123406,,
7101121756,Card,373218257,193,14.95,3/12/2022,6123406,,
5212549689,Card,787960756,43,13.2,1/23/2022,6123406,,
1637922193,Card,038572179X,330,14,1/10/2022,6123406,,
8779625571,Card,446527793,312,24.95,5/7/2022,6123406,,
3565958950,Card,345452089,282,6.99,8/13/2022,6123406,,
1448820585,Card,130323519,445,126.67,11/10/2022,6123406,,
5079355288,Card,446608955,204,6.99,9/18/2022,6123406,,
1495849108,Card,596004478,341,24.95,11/24/2022,6123406,,
5503460172,Card,72222743,126,59.99,11/5/2022,6123406,,
5863588709,Card,60934417,99,13.95,7/4/2022,6123406,,
6663404979,Card,373272839,453,4.75,6/4/2022,6123406,,
4521316787,Card,72227710,486,17.49,10/12/2022,6123406,,
7212220516,Card,679450785,203,22,4/23/2022,6123406,,
1924825862,Card,743467523,77,7.99,1/12/2022,6123406,,
6276944182,Card,972263608,143,99,5/25/2022,6123406,,
4717304245,Card,142001740,390,14,3/26/2022,6123406,,
5899271417,Card,142001740,154,14,7/13/2022,6123406,,
7631929682,Card,399149848,227,25.95,5/1/2022,6123406,,
4628604403,Card,66214750,440,25.95,9/28/2022,6123406,,
3409899523,Card,312243022,135,3.44,5/19/2022,6123406,,
6826421626,Card,738206679,67,26,1/11/2022,6123406,,
9819313127,Card,743206061,45,26,4/12/2022,6123406,,
2533052443,Card,60540753,54,13.95,4/26/2022,6123406,,
5485311323,Card,972263608,165,99,3/6/2022,6123406,,
1007282850,Card,345336895,335,6.99,8/31/2022,6123406,,
6283060500,Card,72315318,22,79.2,4/30/2022,6123406,,
2884262689,Card,684848155,235,16,9/3/2022,6123406,,
8999172328,Card,684843285,392,22,3/22/2022,6123406,,
8012662189,Card,038572179X,329,14,5/12/2022,6123406,,
7569058797,Card,375508325,144,35,1/3/2022,6123406,,
4085634222,Card,60855925,31,13.99,2/14/2022,6123406,,
7028764324,Card,972263608,146,99,1/2/2022,6123406,,
4954717598,Card,471200247,97,50,2/27/2022,7913502,,
9700049289,Card,735712360,384,39.99,2/21/2022,7913502,,
6361862801,Card,399149848,39,25.95,5/3/2022,7913502,,
2362490676,Card,782140114,243,69.99,5/30/2022,7913502,,
5802189552,Card,805317554,44,95,9/14/2022,7913502,,
3423270673,Card,805317554,206,95,8/5/2022,7913502,,
2288001647,Card,72227710,106,17.49,10/30/2022,7913502,,
6060276850,Card,345376595,33,12.95,10/25/2022,7913502,,
8643743309,Card,324113641,384,107.95,1/11/2022,7913502,,
6632400500,Card,1590520734,16,12.99,3/31/2022,7913502,,
7058313527,Card,130323519,415,126.67,5/27/2022,7913502,,
6061531879,Card,743206061,402,26,4/16/2022,7913502,,
3059683803,Card,140077022,455,14,2/6/2022,7913502,,
5315047339,Card,72227710,202,17.49,10/16/2022,7913502,,
3171524351,Card,782140114,219,69.99,7/25/2022,7913502,,
5779104984,Card,60934417,170,13.95,3/9/2022,7913502,,
8599956494,Card,373272839,115,4.75,6/18/2022,7913502,,
1968196131,Card,743244249,496,25,6/25/2022,7913502,,
2052072688,Card,972263608,39,99,6/10/2022,7913502,,
2999908581,Card,972263608,322,99,3/24/2022,7913502,,
9186528453,Card,156158648X,43,24.95,7/5/2022,7913502,,
4278571637,Card,1586851357,339,60,5/16/2022,7913502,,
9158254486,Card,312287941,280,25.95,1/14/2022,7913502,,
2109669912,Card,130998516,289,83,9/5/2022,7913502,,
2907511300,Card,130323519,15,126.67,3/8/2022,7913502,,
9475612413,Card,373218257,175,14.95,6/12/2022,7913502,,
2712798794,Card,743455967,227,7.99,3/19/2022,7913502,,
2932866743,Card,743222008,208,25,3/26/2022,7913502,,
3033997160,Card,743455967,60,7.99,8/7/2022,7913502,,
6421405701,Card,373272839,104,4.75,9/7/2022,7913502,,
9873125733,Card,735712379,244,39.99,5/16/2022,7913502,,
2804673717,Card,385494327,347,14,3/18/2022,7913502,,
6977219999,Card,60502935,183,7.99,3/15/2022,7913502,,
4075069432,Card,671004107,26,7.99,10/1/2022,7913502,,
3528757105,Card,385494327,405,14,5/25/2022,7913502,,
6189784261,Card,345452089,133,6.99,5/11/2022,7913502,,
7577998557,Card,142001740,267,14,4/30/2022,7913502,,
2384115778,Card,324113641,358,107.95,3/23/2022,7913502,,
3644693729,Card,1880418568,254,35,11/3/2022,7913502,,
2588512304,Card,373272839,227,4.75,1/5/2022,7913502,,
4339443449,Card,865659982,15,50,5/5/2022,7913502,,
2506365616,Card,743222008,160,25,8/9/2022,7913502,,
7020923982,Card,61161721,466,7.99,7/19/2022,7913502,,
9388948828,Card,1558606432,233,34.95,11/7/2022,7913502,,
7338850323,Card,738206679,266,26,5/4/2022,7913502,,
7366593803,Card,735712379,479,39.99,10/21/2022,7913502,,
9220802690,Card,393318486,84,17.95,4/10/2022,7913502,,
5397655044,Card,446608955,324,6.99,7/14/2022,7913502,,
3400243583,Card,316602051,195,27.95,1/9/2022,7913502,,
2189365587,Card,679722955,137,11.2,10/1/2022,7913502,,
3832289978,Card,385494149,245,13,1/13/2022,7913502,,
4245719364,Card,312311354,171,13,11/12/2022,7913502,,
6693986552,Card,130323519,376,126.67,2/3/2022,7913502,,
4527388594,Card,596004478,97,24.95,11/12/2022,7913502,,
6244089777,Card,517576600,480,50,8/26/2022,7913502,,
7824996555,Card,321125169,69,38.49,11/9/2022,7913502,,
3811815090,Card,743457358,138,7.99,2/20/2022,7913502,,
2065058860,Card,679722955,36,11.2,8/16/2022,7913502,,
6520933832,Card,130998516,314,83,2/5/2022,7913502,,
1340149938,Card,345336895,195,6.99,6/17/2022,7913502,,
1948922489,Card,471286168,286,39.95,4/28/2022,7913502,,
5096626947,Card,743457358,401,7.99,1/9/2022,7913502,,
6309600499,Card,067463442X,161,18.95,3/23/2022,7913502,,
5016517072,Card,61092177,230,7.99,7/16/2022,7913502,,
9524910765,Card,345409469,242,14.95,3/13/2022,7913502,,
8126164464,Card,345409469,428,14.95,10/8/2022,7913502,,
3228910519,Card,324113641,272,107.95,3/6/2022,7913502,,
8851253992,Card,375703764,370,19.95,7/13/2022,7913502,,
8592709900,Card,787960756,418,13.2,6/4/2022,7913502,,
1384823265,Card,446608955,140,6.99,1/11/2022,7913502,,
4428895110,Card,735712123,132,34.99,10/24/2022,7913502,,
4093888691,Card,324113641,108,107.95,4/18/2022,7913502,,
3033028208,Card,743244249,402,25,7/11/2022,7913502,,
1211822941,Card,72315318,456,79.2,8/3/2022,7913502,,
5364753030,Card,60934417,411,13.95,10/27/2022,7913502,,
5748366660,Card,471286168,425,39.95,9/13/2022,7913502,,
6674714549,Card,735712123,194,34.99,1/19/2022,7913502,,
6842765999,Card,393318486,364,17.95,11/12/2022,7913502,,
2824641814,Card,373272839,365,4.75,6/26/2022,7913502,,
5442093207,Card,517576600,365,50,7/11/2022,7913502,,
1983446860,Card,399149392,142,25.95,3/23/2022,7913502,,
4924249841,Card,345409469,123,14.95,9/9/2022,7913502,,
1037077053,Card,446606812,38,7.5,2/4/2022,7913502,,
4134809517,Card,679450785,74,22,6/25/2022,7913502,,
7483582584,Card,743457358,342,7.99,10/5/2022,7913502,,
8500218464,Card,743457358,428,7.99,4/13/2022,7913502,,
1305433091,Card,345376595,188,12.95,4/6/2022,7913502,,
2112467626,Card,61020648,167,7.99,3/7/2022,7913502,,
7740013259,Card,865659982,261,50,5/17/2022,7913502,,
7412216533,Card,865659982,182,50,3/5/2022,7913502,,
7700317382,Card,312287941,271,25.95,3/3/2022,7913502,,
9353676516,Card,471200247,144,50,8/2/2022,7913502,,
5406646230,Card,393318486,312,17.95,8/21/2022,7913502,,
3008324876,Card,671004107,16,7.99,7/9/2022,7913502,,
7029751272,Card,1861004486,225,41.99,9/1/2022,7913502,,
7567220679,Card,067976867X,470,15,3/31/2022,7913502,,
3377848108,Card,972263608,83,99,2/5/2022,7913502,,
3454177089,Card,375703764,123,19.95,11/16/2022,7913502,,
4177154348,Card,262024829,433,70,2/3/2022,7913502,,
9614655765,Card,1590520734,406,12.99,10/27/2022,7913502,,
6241545382,Card,446527793,216,24.95,9/7/2022,7913502,,
9887787007,Card,471391123,256,50,7/3/2022,7913502,,
3244953568,Card,1579902944,423,19.95,4/4/2022,7913502,,
7079542108,Card,373218257,52,14.95,2/4/2022,7913502,,
4072440662,Card,373272839,41,4.75,7/7/2022,7913502,,
1217684153,Card,446527793,88,24.95,7/4/2022,7913502,,
9877157963,Card,038572179X,80,14,10/22/2022,7913502,,
4631801848,Card,316666343,346,21.95,1/27/2022,7913502,,
1151455050,Card,679722955,462,11.2,10/29/2022,7913502,,
6755281659,Card,156006219,492,13,8/15/2022,7913502,,
9903304900,Card,373218257,389,14.95,4/2/2022,7913502,,
6321411924,Card,72227710,443,17.49,5/21/2022,7913502,,
3558453516,Card,679450785,26,22,9/21/2022,7913502,,
1476408186,Card,140077022,128,14,6/16/2022,7913502,,
9126480693,Card,782140114,219,69.99,1/25/2022,7913502,,
3624059899,Card,312243022,378,3.44,7/24/2022,7913502,,
5664008005,Card,72227885,56,34.99,10/12/2022,7913502,,
4314099216,Card,393319407,97,16.95,8/9/2022,7913502,,
5021241631,Card,262232197,232,74.95,11/2/2022,7913502,,
3773905628,Card,679722955,75,11.2,1/6/2022,7913502,,
9809573540,Card,743457358,20,7.99,5/2/2022,7913502,,
2171081125,Card,1561586196,449,19.95,8/20/2022,7913502,,
5297317083,Card,375703764,132,19.95,11/6/2022,7913502,,
7557183483,Card,324113641,469,107.95,7/20/2022,7913502,,
1233507621,Card,61092177,452,7.99,3/11/2022,7913502,,
5934111588,Card,399149848,363,25.95,8/10/2022,7913502,,
6640225702,Card,385494149,446,13,9/18/2022,7913502,,
2158488328,Card,72294337,381,122.5,4/22/2022,7913502,,
3619110918,Card,517576600,301,50,6/26/2022,7913502,,
4540233050,Card,321125169,432,38.49,8/26/2022,7913502,,
4507566032,Card,743222008,437,25,1/31/2022,7913502,,
7313839213,Card,684843285,418,22,4/20/2022,7913502,,
9043783678,Card,787960756,371,13.2,1/7/2022,7913502,,
9169493177,Card,60502935,346,7.99,8/24/2022,7913502,,
5380081517,Card,393319407,110,16.95,11/12/2022,7913502,,
7476733057,Card,130998516,276,83,2/16/2022,7913502,,
8925630908,Card,471391123,149,50,1/4/2022,7913502,,
5272443104,Card,735712360,303,39.99,1/17/2022,7913502,,
5528098963,Card,1579902944,424,19.95,9/23/2022,7913502,,
8172329938,Card,684848155,456,16,7/23/2022,7913502,,
7244593365,Card,60855925,447,13.99,8/6/2022,7913502,,
1243296798,Card,72227885,477,34.99,10/13/2022,7913502,,
1003940753,Card,66214750,68,25.95,4/13/2022,7913502,,
1381572423,Card,399149392,193,25.95,10/16/2022,7913502,,
2439035603,Card,446676098,69,12.95,11/23/2022,7913502,,
5672528433,Card,609610570,332,27.5,8/18/2022,7913502,,
1287721956,Card,393319407,269,16.95,8/4/2022,7913502,,
4430487588,Card,385494149,96,13,7/6/2022,7913502,,
8187833941,Card,743222008,418,25,5/6/2022,7913502,,
3302507750,Card,865659982,283,50,3/14/2022,7913502,,
6536010478,Card,1561584029,145,39.95,3/22/2022,7913502,,
5050086856,Card,743222008,497,25,6/20/2022,7913502,,
6136915890,Card,743244249,393,25,11/21/2022,7913502,,
1196916368,Card,72222743,492,59.99,6/6/2022,7913502,,
6974009373,Card,684843285,331,22,6/1/2022,7913502,,
6063261583,Card,865659982,106,50,3/22/2022,7913502,,
7302710057,Card,517576600,418,50,4/17/2022,7913502,,
9441659596,Card,471288217,163,39.95,6/11/2022,7913502,,
1598513736,Card,345409469,357,14.95,1/12/2022,7913502,,
3170935423,Card,446608955,363,6.99,6/18/2022,7913502,,
2925186498,Card,60540753,171,13.95,11/1/2022,7913502,,
6347281166,Card,71414339,215,18.95,7/2/2022,7913502,,
7235474368,Card,142001740,483,14,4/24/2022,7913502,,
5044982720,Card,373218192,230,7.5,2/24/2022,7913502,,
9193824398,Card,679450785,36,22,1/18/2022,7913502,,
2437900591,Card,72294337,202,122.5,9/9/2022,7913502,,
9316783627,Card,373218257,364,14.95,11/2/2022,7913502,,
6427062449,Card,72222743,69,59.99,2/26/2022,7913502,,
8933320930,Card,471391123,264,50,9/2/2022,7913502,,
1616656724,Card,471288217,221,39.95,9/7/2022,7913502,,
9113765645,Card,61020648,20,7.99,4/21/2022,7913502,,
1895950592,Card,60934417,480,13.95,5/26/2022,7913502,,
4003164618,Card,156006219,380,13,3/31/2022,7913502,,
4719525321,Card,393319407,26,16.95,8/17/2022,7913502,,
2019224965,Card,345376595,494,12.95,10/11/2022,7913502,,
3642151237,Card,316096199,199,11.95,5/12/2022,7913502,,
1608250596,Card,312243022,278,3.44,9/23/2022,7913502,,
1581702674,Card,735713170,153,29.99,3/3/2022,7913502,,
5660514987,Card,71414339,404,18.95,4/23/2022,7913502,,
6113429454,Card,743206061,220,26,1/13/2022,7913502,,
5010682338,Card,471200247,357,50,8/2/2022,7913502,,
1535563577,Card,805317554,172,95,10/1/2022,7913502,,
9279662851,Card,385494246,404,12,7/5/2022,7913502,,
6565806228,Card,1558605525,425,49.95,9/3/2022,7913502,,
8161122189,Card,743244249,336,25,1/14/2022,7913502,,
6820965721,Card,201615762,273,38.49,3/17/2022,7913502,,
5109860982,Card,60502935,57,7.99,3/24/2022,7913502,,
6593434693,Card,1561586196,459,19.95,5/31/2022,7913502,,
3000639533,Card,262521415,38,35,7/16/2022,7913502,,
9390099202,Card,038572179X,406,14,9/28/2022,7913502,,
6533668071,Card,385494327,69,14,5/20/2022,7913502,,
4044390086,Card,262521415,247,35,9/1/2022,7913502,,
2186662314,Card,1861004486,215,41.99,1/7/2022,7913502,,
1355286388,Card,743206061,278,26,2/19/2022,7913502,,
6335174940,Card,743467523,401,7.99,5/19/2022,7913502,,
5572241850,Card,156006219,400,13,4/9/2022,7913502,,
6794271286,Card,067463442X,254,18.95,11/12/2022,7913502,,
1272400551,Card,142001740,398,14,4/17/2022,7913502,,
5526455564,Card,66214750,75,25.95,7/18/2022,7913502,,
2900959175,Card,471286168,177,39.95,2/4/2022,7913502,,
7990535553,Card,067463442X,497,18.95,11/1/2022,7913502,,
3888267539,Card,743455967,445,7.99,2/2/2022,7913502,,
3602697186,Card,670031518,86,27.95,11/9/2022,7913502,,
7779304342,Card,130998516,11,83,8/3/2022,7913502,,
2779105154,Card,735712360,397,39.99,8/14/2022,7913502,,
3109926063,Card,130323519,422,126.67,10/27/2022,7913502,,
8848847902,Card,60502935,425,7.99,5/21/2022,7913502,,
6995844860,Card,743206061,267,26,1/27/2022,7913502,,
6395138878,Card,679722955,412,11.2,1/6/2022,7913502,,
6945440577,Card,71414339,150,18.95,5/31/2022,7913502,,
4853728817,Card,735712123,317,34.99,3/25/2022,7913502,,
8343767108,Card,471391123,336,50,4/28/2022,7913502,,
7657172058,Card,671004107,199,7.99,11/3/2022,7913502,,
8196858464,Card,787960756,493,13.2,10/30/2022,7913502,,
9798976450,Card,262521415,425,35,11/1/2022,7913502,,
2427699914,Card,262232197,437,74.95,1/30/2022,7913502,,
7279875065,Card,375508325,365,35,11/16/2022,7913502,,
6560040269,Card,735712379,27,39.99,9/16/2022,7913502,,
1578409072,Card,316602051,367,27.95,8/11/2022,7913502,,
4704716950,Card,385504470,80,17.47,5/11/2022,7913502,,
2339792206,Card,738206679,394,26,6/21/2022,7913502,,
9912333433,Card,71414339,128,18.95,2/24/2022,7913502,,
6288417621,Card,393318486,352,17.95,3/4/2022,7913502,,
9643231577,Card,735712123,33,34.99,2/2/2022,7913502,,
9954426734,Card,067976867X,188,15,6/4/2022,7913502,,
1890619867,Card,471288217,117,39.95,10/8/2022,7913502,,
1319753008,Card,60958332,452,10.5,2/24/2022,7913502,,
3005835244,Card,312276702,141,24.95,3/18/2022,7913502,,
6543050158,Card,743206061,173,26,11/24/2022,7913502,,
2075360002,Card,156158648X,435,24.95,10/1/2022,7913502,,
5852143247,Card,60502935,487,7.99,11/25/2022,7913502,,
6870706671,Card,743244249,174,25,7/8/2022,7913502,,
4528890839,Card,805317554,25,95,3/17/2022,7913502,,
4270502227,Card,743206061,326,26,2/4/2022,7913502,,
6313674303,Card,345336895,376,6.99,10/30/2022,7913502,,
2488209915,Card,345452089,393,6.99,1/17/2022,7913502,,
6777579537,Card,1586851322,113,39.95,7/3/2022,7913502,,
9527448095,Card,60958332,495,10.5,8/3/2022,7913502,,
7904487578,Card,345452089,160,6.99,10/29/2022,7913502,,
6831327532,Card,067463442X,277,18.95,9/20/2022,7913502,,
1773114449,Card,1558605525,278,49.95,3/10/2022,7913502,,
3567205386,Card,321125169,237,38.49,9/5/2022,7913502,,
2337410033,Card,1565924916,316,39.95,3/21/2022,7913502,,
5641684140,Card,517576600,449,50,10/21/2022,7913502,,
6310210211,Card,66214750,410,25.95,8/9/2022,7913502,,
9123424016,Card,743457358,385,7.99,7/12/2022,7913502,,
7461230194,Card,262024829,178,70,7/26/2022,7913502,,
3973394142,Card,262024829,385,70,7/22/2022,7913502,,
8722226640,Card,142001740,365,14,4/7/2022,7913502,,
5769143194,Card,1579902944,347,19.95,8/14/2022,7913502,,
2774535489,Card,312311354,366,13,6/5/2022,7913502,,
9636145970,Card,517576600,108,50,4/5/2022,7913502,,
5680769694,Card,670031518,75,27.95,6/30/2022,7913502,,
3968513982,Card,60958332,236,10.5,9/2/2022,7913502,,
9870960221,Card,782140114,81,69.99,4/15/2022,7913502,,
3166429481,Card,446608955,89,6.99,6/24/2022,7913502,,
6677710045,Card,71414339,210,18.95,7/24/2022,7913502,,
9799193271,Card,446676098,339,12.95,4/28/2022,7913502,,
3477678478,Card,1880418568,378,35,2/13/2022,7913502,,
5965878967,Card,1561584029,122,39.95,8/19/2022,7913502,,
8336374347,Card,670031518,473,27.95,5/13/2022,7913502,,
7661050989,Card,735712123,340,34.99,6/24/2022,7913502,,
7548380774,Card,038572179X,274,14,11/27/2022,7913502,,
9751615814,Card,1579550088,283,44.95,7/8/2022,7913502,,
8170866321,Card,738206679,106,26,5/13/2022,7913502,,
8293638857,Card,972263608,462,99,4/27/2022,7913502,,
3050988599,Card,399149392,417,25.95,8/23/2022,7913502,,
6074070174,Card,743455967,294,7.99,6/22/2022,7913502,,
7454541238,Card,394739698,184,24.95,1/20/2022,7913502,,
3035220989,Card,067976867X,107,15,3/23/2022,7913502,,
1503799665,Card,72227710,398,17.49,9/28/2022,7913502,,
4412519057,Card,312311354,316,13,8/23/2022,7913502,,
6645552614,Card,735712360,133,39.99,9/23/2022,7913502,,
2477466538,Card,738206679,464,26,9/12/2022,7913502,,
5841670963,Card,679450785,271,22,5/22/2022,7913502,,
2908177236,Card,743455967,226,7.99,5/21/2022,7913502,,
8261190689,Card,385494327,309,14,3/7/2022,7913502,,
9086080161,Card,782140114,363,69.99,3/25/2022,7913502,,
2797362059,Card,385494149,480,13,10/8/2022,7913502,,
3270094284,Card,471288217,254,39.95,9/18/2022,7913502,,
5671465707,Card,471391123,328,50,9/18/2022,7913502,,
8269004457,Card,684848155,446,16,6/6/2022,7913502,,
9769257247,Card,61020656,377,7.99,7/29/2022,7913502,,
8787617464,Card,805317554,211,95,8/16/2022,7913502,,
1243598539,Card,201615762,348,38.49,10/6/2022,7913502,,
2326842204,Card,324113641,487,107.95,6/23/2022,7913502,,
9262567398,Card,1579550088,443,44.95,5/23/2022,7913502,,
7594330820,Card,393319407,395,16.95,9/30/2022,7913502,,
6366303039,Check,375508325,221,35,6/16/2022,7913502,,
7223327667,Check,60958405,331,15,6/5/2022,7913502,,
7912310397,Check,72315318,314,79.2,3/26/2022,7913502,,
